Match Type,POTM,Venue,Team1,Team2,Toss_Winner,Toss_Decision,Winner,Win_Margin,Result_Type,Target_Runs,Match,Season
League,Richard Levi,"MA Chidambaram Stadium, Chepauk, Chennai",Chennai Super Kings,Mumbai Indians,Mumbai Indians,Field first,MI , 8 wickets ,Wickets,113,1,2012
League,Irfan Pathan,"Eden Gardens, Kolkata",Kolkata Knight Riders,Delhi Daredevils,Delhi Daredevils,Field first,Daredevils , 8 wickets ,Wickets,98,2,2012
League,Steven Smith,"Wankhede Stadium, Mumbai",Pune Warriors,Mumbai Indians,Mumbai Indians,Field first,Warriors , 28 runs,Runs,130,3,2012
League,Ajinkya Rahane,"Sawai Mansingh Stadium, Jaipur",Rajasthan Royals,Kings XI Punjab,Kings XI Punjab,Field first,RR , 31 runs,Runs,192,4,2012
League,AB de Villiers,"M Chinnaswamy Stadium, Bangalore",Royal Challengers Bangalore,Delhi Daredevils,Delhi Daredevils,Field first,RCB , 20 runs,Runs,158,5,2012
League,Ravindra Jadeja,"Dr. Y.S. Rajasekhara Reddy ACA-VDCA Cricket Stadium, Visakhapatnam",Chennai Super Kings,Deccan Chargers,Deccan Chargers,Field first,CSK , 74 runs,Runs,194,6,2012
League,Brad Hodge,"Sawai Mansingh Stadium, Jaipur",Rajasthan Royals,Kolkata Knight Riders,Kolkata Knight Riders,Field first,RR , 22 runs,Runs,165,7,2012
League,Marlon Samuels,"Subrata Roy Sahara Stadium, Pune",Pune Warriors,Kings XI Punjab,Pune Warriors,Bat first,Warriors , 22 runs,Runs,167,8,2012
League,Rohit Sharma,"Dr. Y.S. Rajasekhara Reddy ACA-VDCA Cricket Stadium, Visakhapatnam",Deccan Chargers,Mumbai Indians,Deccan Chargers,Bat first,MI , 5 wickets ,Wickets,139,9,2012
League,Lakshmipathy Balaji,"M Chinnaswamy Stadium, Bangalore",Kolkata Knight Riders,Royal Challengers Bangalore,Royal Challengers Bangalore,Field first,KKR , 42 runs,Runs,166,10,2012
League,Morne Morkel,"Feroz Shah Kotla, Delhi",Chennai Super Kings,Delhi Daredevils,Delhi Daredevils,Field first,Daredevils , 8 wickets ,Wickets,111,11,2012
League,Kieron Pollard,"Wankhede Stadium, Mumbai",Mumbai Indians,Rajasthan Royals,Rajasthan Royals,Field first,MI , 27 runs,Runs,198,12,2012
League,Faf du Plessis,"MA Chidambaram Stadium, Chepauk, Chennai",Royal Challengers Bangalore,Chennai Super Kings,Royal Challengers Bangalore,Bat first,CSK , 5 wickets ,Wickets,206,13,2012
League,Dimitri Mascarenhas,"Punjab Cricket Association Stadium, Mohali, Chandigarh",Pune Warriors,Kings XI Punjab,Kings XI Punjab,Field first,Kings XI , 7 wickets ,Wickets,116,14,2012
League,Shakib Al Hasan,"Eden Gardens, Kolkata",Rajasthan Royals,Kolkata Knight Riders,Rajasthan Royals,Bat first,KKR , 5 wickets ,Wickets,132,15,2012
League,Jesse Ryder,"Subrata Roy Sahara Stadium, Pune",Chennai Super Kings,Pune Warriors,Chennai Super Kings,Bat first,Warriors , 7 wickets ,Wickets,156,16,2012
League,Sunil Narine,"Eden Gardens, Kolkata",Kings XI Punjab,Kolkata Knight Riders,Kolkata Knight Riders,Field first,Kings XI , 2 runs,Runs,135,17,2012
League,Ajinkya Rahane,"M Chinnaswamy Stadium, Bangalore",Rajasthan Royals,Royal Challengers Bangalore,Rajasthan Royals,Bat first,RR , 59 runs,Runs,196,18,2012
League,Shahbaz Nadeem,"Wankhede Stadium, Mumbai",Mumbai Indians,Delhi Daredevils,Delhi Daredevils,Field first,Daredevils , 7 wickets ,Wickets,93,19,2012
League,Brad Hodge,"Sawai Mansingh Stadium, Jaipur",Deccan Chargers,Rajasthan Royals,Deccan Chargers,Bat first,RR , 5 wickets ,Wickets,197,20,2012
League,Chris Gayle,"M Chinnaswamy Stadium, Bangalore",Pune Warriors,Royal Challengers Bangalore,Pune Warriors,Bat first,RCB , 6 wickets ,Wickets,183,21,2012
League,Gautam Gambhir,"Punjab Cricket Association Stadium, Mohali, Chandigarh",Kings XI Punjab,Kolkata Knight Riders,Kings XI Punjab,Bat first,KKR , 8 wickets ,Wickets,125,22,2012
League,Kevin Pietersen,"Feroz Shah Kotla, Delhi",Deccan Chargers,Delhi Daredevils,Deccan Chargers,Bat first,Daredevils , 5 wickets ,Wickets,158,23,2012
League,Nuwan Kulasekara,"MA Chidambaram Stadium, Chepauk, Chennai",Chennai Super Kings,Pune Warriors,Pune Warriors,Field first,CSK , 13 runs,Runs,165,24,2012
League,Chris Gayle,"Punjab Cricket Association Stadium, Mohali, Chandigarh",Kings XI Punjab,Royal Challengers Bangalore,Royal Challengers Bangalore,Field first,RCB , 5 wickets ,Wickets,164,25,2012
League,Faf du Plessis,"MA Chidambaram Stadium, Chepauk, Chennai",Rajasthan Royals,Chennai Super Kings,Rajasthan Royals,Bat first,CSK , 7 wickets ,Wickets,147,26,2012
League,Sourav Ganguly,"Feroz Shah Kotla, Delhi",Pune Warriors,Delhi Daredevils,Delhi Daredevils,Field first,Warriors , 20 runs,Runs,193,27,2012
League,Shaun Marsh,"Wankhede Stadium, Mumbai",Mumbai Indians,Kings XI Punjab,Mumbai Indians,Bat first,Kings XI , 6 wickets ,Wickets,164,28,2012
League,Brett Lee,"Barabati Stadium, Cuttack",Deccan Chargers,Kolkata Knight Riders,Kolkata Knight Riders,Field first,KKR , 5 wickets ,Wickets,127,29,2012
League,AB de Villiers,"Sawai Mansingh Stadium, Jaipur",Royal Challengers Bangalore,Rajasthan Royals,Rajasthan Royals,Field first,RCB , 46 runs,Runs,190,30,2012
League,Virender Sehwag,"Subrata Roy Sahara Stadium, Pune",Pune Warriors,Delhi Daredevils,Pune Warriors,Bat first,Daredevils , 8 wickets ,Wickets,147,31,2012
League,Nil,"Eden Gardens, Kolkata",Kolkata Knight Riders,Deccan Chargers,Nil,Nil,Nil,Nil,Nil,Nil,32,2012
League,Ambati Rayudu,"Punjab Cricket Association Stadium, Mohali, Chandigarh",Kings XI Punjab,Mumbai Indians,Kings XI Punjab,Bat first,MI , 4 wickets ,Wickets,169,33,2012
League,Nil,"M Chinnaswamy Stadium, Bangalore",Royal Challengers Bangalore,Chennai Super Kings,Nil,Nil,Nil,Nil,Nil,Nil,34,2012
League,Cameron White,"Subrata Roy Sahara Stadium, Pune",Deccan Chargers,Pune Warriors,Deccan Chargers,Bat first,Chargers , 18 runs,Runs,178,35,2012
League,Virender Sehwag,"Feroz Shah Kotla, Delhi",Delhi Daredevils,Mumbai Indians,Mumbai Indians,Field first,Daredevils , 37 runs,Runs,208,36,2012
League,Mandeep Singh,"MA Chidambaram Stadium, Chepauk, Chennai",Kings XI Punjab,Chennai Super Kings,Kings XI Punjab,Bat first,Kings XI , 7 runs,Runs,157,37,2012
League,Gautam Gambhir,"Eden Gardens, Kolkata",Kolkata Knight Riders,Royal Challengers Bangalore,Kolkata Knight Riders,Bat first,KKR , 47 runs,Runs,191,38,2012
League,Virender Sehwag,"Feroz Shah Kotla, Delhi",Delhi Daredevils,Rajasthan Royals,Delhi Daredevils,Bat first,Daredevils , 1 run, 1 run,153,39,2012
League,Dale Steyn,"Wankhede Stadium, Mumbai",Deccan Chargers,Mumbai Indians,Mumbai Indians,Field first,MI , 5 wickets ,Wickets,101,40,2012
League,Gautam Gambhir,"MA Chidambaram Stadium, Chepauk, Chennai",Chennai Super Kings,Kolkata Knight Riders,Chennai Super Kings,Bat first,KKR , 5 wickets ,Wickets,140,41,2012
League,Kumar Sangakkara,"Barabati Stadium, Cuttack",Deccan Chargers,Pune Warriors,Deccan Chargers,Bat first,Chargers , 13 runs,Runs,187,42,2012
League,Pawan Negi,"Sawai Mansingh Stadium, Jaipur",Rajasthan Royals,Delhi Daredevils,Rajasthan Royals,Bat first,Daredevils , 6 wickets ,Wickets,142,43,2012
League,Azhar Mahmood,"M Chinnaswamy Stadium, Bangalore",Royal Challengers Bangalore,Kings XI Punjab,Kings XI Punjab,Field first,Kings XI , 4 wickets ,Wickets,159,44,2012
League,Lasith Malinga,"Subrata Roy Sahara Stadium, Pune",Mumbai Indians,Pune Warriors,Mumbai Indians,Bat first,MI , 1 run, 1 run,121,45,2012
League,Suresh Raina,"MA Chidambaram Stadium, Chepauk, Chennai",Chennai Super Kings,Deccan Chargers,Chennai Super Kings,Bat first,CSK , 10 runs,Runs,161,46,2012
League,Sunil Narine,"Eden Gardens, Kolkata",Kolkata Knight Riders,Pune Warriors,Kolkata Knight Riders,Bat first,KKR , 7 runs,Runs,151,47,2012
League,Shane Watson,"Punjab Cricket Association Stadium, Mohali, Chandigarh",Rajasthan Royals,Kings XI Punjab,Rajasthan Royals,Bat first,RR , 43 runs,Runs,178,48,2012
League,Dwayne Smith,"Wankhede Stadium, Mumbai",Chennai Super Kings,Mumbai Indians,Mumbai Indians,Field first,MI , 2 wickets ,Wickets,174,49,2012
League,AB de Villiers,"M Chinnaswamy Stadium, Bangalore",Deccan Chargers,Royal Challengers Bangalore,Royal Challengers Bangalore,Field first,RCB , 5 wickets ,Wickets,182,50,2012
League,Jacques Kallis,"Feroz Shah Kotla, Delhi",Delhi Daredevils,Kolkata Knight Riders,Delhi Daredevils,Bat first,KKR , 6 wickets ,Wickets,154,51,2012
League,Shane Watson,"Subrata Roy Sahara Stadium, Pune",Pune Warriors,Rajasthan Royals,Pune Warriors,Bat first,RR , 7 wickets ,Wickets,126,52,2012
League,Mandeep Singh,"Rajiv Gandhi International Stadium, Uppal, Hyderabad",Kings XI Punjab,Deccan Chargers,Deccan Chargers,Field first,Kings XI , 25 runs,Runs,171,53,2012
League,Chris Gayle,"Wankhede Stadium, Mumbai",Mumbai Indians,Royal Challengers Bangalore,Royal Challengers Bangalore,Field first,RCB , 9 wickets ,Wickets,142,54,2012
League,David Warner,"Rajiv Gandhi International Stadium, Uppal, Hyderabad",Deccan Chargers,Delhi Daredevils,Deccan Chargers,Bat first,Daredevils , 9 wickets ,Wickets,188,55,2012
League,Ben Hilfenhaus,"Sawai Mansingh Stadium, Jaipur",Rajasthan Royals,Chennai Super Kings,Chennai Super Kings,Field first,CSK , 4 wickets ,Wickets,127,56,2012
League,Chris Gayle,"Subrata Roy Sahara Stadium, Pune",Royal Challengers Bangalore,Pune Warriors,Pune Warriors,Field first,RCB , 35 runs,Runs,174,57,2012
League,Rohit Sharma,"Eden Gardens, Kolkata",Mumbai Indians,Kolkata Knight Riders,Mumbai Indians,Bat first,MI , 27 runs,Runs,183,58,2012
League,Ben Hilfenhaus,"MA Chidambaram Stadium, Chepauk, Chennai",Delhi Daredevils,Chennai Super Kings,Chennai Super Kings,Field first,CSK , 9 wickets ,Wickets,115,59,2012
League,Ajit  Chandila,"Sawai Mansingh Stadium, Jaipur",Rajasthan Royals,Pune Warriors,Rajasthan Royals,Bat first,RR , 45 runs,Runs,171,60,2012
League,David Hussey,"Punjab Cricket Association Stadium, Mohali, Chandigarh",Deccan Chargers,Kings XI Punjab,Deccan Chargers,Bat first,Kings XI , 4 wickets ,Wickets,191,61,2012
League,Ambati Rayudu,"M Chinnaswamy Stadium, Bangalore",Royal Challengers Bangalore,Mumbai Indians,Mumbai Indians,Field first,MI , 5 wickets ,Wickets,172,62,2012
League,Michael Hussey,"Eden Gardens, Kolkata",Kolkata Knight Riders,Chennai Super Kings,Chennai Super Kings,Field first,CSK , 5 wickets ,Wickets,159,63,2012
League,Umesh Yadav,"Feroz Shah Kotla, Delhi",Kings XI Punjab,Delhi Daredevils,Kings XI Punjab,Bat first,Daredevils , 5 wickets ,Wickets,137,64,2012
League,Sunil Narine,"Wankhede Stadium, Mumbai",Kolkata Knight Riders,Mumbai Indians,Mumbai Indians,Field first,KKR , 32 runs,Runs,141,65,2012
League,Adam Gilchrist,"Himachal Pradesh Cricket Association Stadium, Dharamsala",Chennai Super Kings,Kings XI Punjab,Kings XI Punjab,Field first,Kings XI , 6 wickets ,Wickets,121,66,2012
League,Chris Gayle,"Feroz Shah Kotla, Delhi",Royal Challengers Bangalore,Delhi Daredevils,Delhi Daredevils,Field first,RCB , 21 runs,Runs,216,67,2012
League,Dale Steyn,"Rajiv Gandhi International Stadium, Uppal, Hyderabad",Rajasthan Royals,Deccan Chargers,Rajasthan Royals,Bat first,Chargers , 5 wickets ,Wickets,127,68,2012
League,Umesh Yadav,"Himachal Pradesh Cricket Association Stadium, Dharamsala",Kings XI Punjab,Delhi Daredevils,Delhi Daredevils,Field first,Daredevils , 6 wickets ,Wickets,142,69,2012
League,Shakib Al Hasan,"Subrata Roy Sahara Stadium, Pune",Kolkata Knight Riders,Pune Warriors,Kolkata Knight Riders,Bat first,KKR , 34 runs,Runs,137,70,2012
League,Dale Steyn,"Rajiv Gandhi International Stadium, Uppal, Hyderabad",Deccan Chargers,Royal Challengers Bangalore,Royal Challengers Bangalore,Field first,Chargers , 9 runs,Runs,133,71,2012
League,Dwayne Smith,"Sawai Mansingh Stadium, Jaipur",Rajasthan Royals,Mumbai Indians,Rajasthan Royals,Bat first,MI , 10 wickets ,Wickets,163,72,2012
Qualifier 1,Yusuf Pathan,"Subrata Roy Sahara Stadium, Pune",Kolkata Knight Riders,Delhi Daredevils,Kolkata Knight Riders,Bat first,KKR , 18 runs,Runs,163,73,2012
Eliminator,MS Dhoni,"M Chinnaswamy Stadium, Bangalore",Chennai Super Kings,Mumbai Indians,Mumbai Indians,Field first,CSK , 38 runs,Runs,188,74,2012
Qualifier 2,Murali Vijay,"MA Chidambaram Stadium, Chepauk, Chennai",Chennai Super Kings,Delhi Daredevils,Delhi Daredevils,Field first,CSK , 86 runs,Runs,223,75,2012
Final,Manvinder  Bisla,"MA Chidambaram Stadium, Chepauk, Chennai",Chennai Super Kings,Kolkata Knight Riders,Chennai Super Kings,Bat first,KKR , 5 wickets ,Wickets,191,76,2012
League,Sunil Narine,"Eden Gardens, Kolkata",Delhi Daredevils,Kolkata Knight Riders,Kolkata Knight Riders,Field first,KKR , 6 wickets ,Wickets,129,1,2013
League,Chris Gayle,"M Chinnaswamy Stadium, Bangalore",Royal Challengers Bangalore,Mumbai Indians,Mumbai Indians,Field first,RCB , 2 runs,Runs,157,2,2013
League,Amit Mishra,"Rajiv Gandhi International Stadium, Uppal, Hyderabad",Sunrisers Hyderabad,Pune Warriors,Pune Warriors,Field first,SRH , 22 runs,Runs,127,3,2013
League,Rahul Dravid,"Feroz Shah Kotla, Delhi",Rajasthan Royals,Delhi Daredevils,Rajasthan Royals,Bat first,RR , 5 runs,Runs,166,4,2013
League,Kieron Pollard,"MA Chidambaram Stadium, Chepauk, Chennai",Mumbai Indians,Chennai Super Kings,Mumbai Indians,Bat first,MI , 9 runs,Runs,149,5,2013
League,Manan Vohra,"Subrata Roy Sahara Stadium, Pune",Pune Warriors,Kings XI Punjab,Pune Warriors,Bat first,Kings XI , 8 wickets ,Wickets,100,6,2013
League,Hanuma Vihari,"Rajiv Gandhi International Stadium, Uppal, Hyderabad",Royal Challengers Bangalore,Sunrisers Hyderabad,Royal Challengers Bangalore,Bat first,Tied,Tied,Tied,131,7,2013
League,Siddharth Trivedi,"Sawai Mansingh Stadium, Jaipur",Rajasthan Royals,Kolkata Knight Riders,Kolkata Knight Riders,Field first,RR , 19 runs,Runs,145,8,2013
League,Virat Kohli,"M Chinnaswamy Stadium, Bangalore",Sunrisers Hyderabad,Royal Challengers Bangalore,Sunrisers Hyderabad,Bat first,RCB , 7 wickets ,Wickets,162,9,2013
League,Dinesh Karthik,"Wankhede Stadium, Mumbai",Mumbai Indians,Delhi Daredevils,Mumbai Indians,Bat first,MI , 44 runs,Runs,210,10,2013
League,Michael Hussey,"Punjab Cricket Association Stadium, Mohali, Chandigarh",Kings XI Punjab,Chennai Super Kings,Chennai Super Kings,Field first,CSK , 10 wickets ,Wickets,139,11,2013
League,Chris Gayle,"M Chinnaswamy Stadium, Bangalore",Kolkata Knight Riders,Royal Challengers Bangalore,Royal Challengers Bangalore,Field first,RCB , 8 wickets ,Wickets,155,12,2013
League,Aaron Finch,"Subrata Roy Sahara Stadium, Pune",Rajasthan Royals,Pune Warriors,Rajasthan Royals,Bat first,Warriors , 7 wickets ,Wickets,146,13,2013
League,Amit Mishra,"Feroz Shah Kotla, Delhi",Delhi Daredevils,Sunrisers Hyderabad,Delhi Daredevils,Bat first,SRH , 3 wickets ,Wickets,115,14,2013
League,Rohit Sharma,"Wankhede Stadium, Mumbai",Mumbai Indians,Pune Warriors,Mumbai Indians,Bat first,MI , 41 runs,Runs,184,15,2013
League,Ravindra Jadeja,"MA Chidambaram Stadium, Chepauk, Chennai",Royal Challengers Bangalore,Chennai Super Kings,Chennai Super Kings,Field first,CSK , 4 wickets ,Wickets,166,16,2013
League,Gautam Gambhir,"Eden Gardens, Kolkata",Kolkata Knight Riders,Sunrisers Hyderabad,Kolkata Knight Riders,Bat first,KKR , 48 runs,Runs,181,17,2013
League,James Faulkner,"Sawai Mansingh Stadium, Jaipur",Kings XI Punjab,Rajasthan Royals,Rajasthan Royals,Field first,RR , 6 wickets ,Wickets,125,18,2013
League,Steven Smith,"MA Chidambaram Stadium, Chepauk, Chennai",Pune Warriors,Chennai Super Kings,Pune Warriors,Bat first,Warriors , 24 runs,Runs,160,19,2013
League,Manpreet Gony,"Punjab Cricket Association Stadium, Mohali, Chandigarh",Kings XI Punjab,Kolkata Knight Riders,Kolkata Knight Riders,Field first,Kings XI , 4 runs,Runs,158,20,2013
League,Virat Kohli,"M Chinnaswamy Stadium, Bangalore",Delhi Daredevils,Royal Challengers Bangalore,Royal Challengers Bangalore,Field first,Tied,Tied,Tied,153,21,2013
League,Amit Mishra,"Subrata Roy Sahara Stadium, Pune",Sunrisers Hyderabad,Pune Warriors,Pune Warriors,Field first,SRH , 11 runs,Runs,120,22,2013
League,Ajinkya Rahane,"Sawai Mansingh Stadium, Jaipur",Rajasthan Royals,Mumbai Indians,Rajasthan Royals,Bat first,RR , 87 runs,Runs,180,23,2013
League,Michael Hussey,"Feroz Shah Kotla, Delhi",Chennai Super Kings,Delhi Daredevils,Chennai Super Kings,Bat first,CSK , 86 runs,Runs,170,24,2013
League,Hanuma Vihari,"Rajiv Gandhi International Stadium, Uppal, Hyderabad",Kings XI Punjab,Sunrisers Hyderabad,Kings XI Punjab,Bat first,SRH , 5 wickets ,Wickets,124,25,2013
League,Ravindra Jadeja,"Eden Gardens, Kolkata",Kolkata Knight Riders,Chennai Super Kings,Kolkata Knight Riders,Bat first,CSK , 4 wickets ,Wickets,120,26,2013
League,Vinay Kumar,"M Chinnaswamy Stadium, Bangalore",Rajasthan Royals,Royal Challengers Bangalore,Royal Challengers Bangalore,Field first,RCB , 7 wickets ,Wickets,118,27,2013
League,Virender Sehwag,"Feroz Shah Kotla, Delhi",Mumbai Indians,Delhi Daredevils,Mumbai Indians,Bat first,Daredevils , 9 wickets ,Wickets,162,28,2013
League,David Miller,"Punjab Cricket Association Stadium, Mohali, Chandigarh",Pune Warriors,Kings XI Punjab,Kings XI Punjab,Field first,Kings XI , 7 wickets ,Wickets,186,29,2013
League,Michael Hussey,"MA Chidambaram Stadium, Chepauk, Chennai",Rajasthan Royals,Chennai Super Kings,Rajasthan Royals,Bat first,CSK , 5 wickets ,Wickets,186,30,2013
League,Chris Gayle,"M Chinnaswamy Stadium, Bangalore",Royal Challengers Bangalore,Pune Warriors,Pune Warriors,Field first,RCB , 130 runs,Runs,264,31,2013
League,Harmeet Singh,"Feroz Shah Kotla, Delhi",Delhi Daredevils,Kings XI Punjab,Kings XI Punjab,Field first,Kings XI , 5 wickets ,Wickets,121,32,2013
League,Dwayne Smith,"Eden Gardens, Kolkata",Kolkata Knight Riders,Mumbai Indians,Kolkata Knight Riders,Bat first,MI , 5 wickets ,Wickets,160,33,2013
League,MS Dhoni,"MA Chidambaram Stadium, Chepauk, Chennai",Sunrisers Hyderabad,Chennai Super Kings,Sunrisers Hyderabad,Bat first,CSK , 5 wickets ,Wickets,160,34,2013
League,Jacques Kallis,"Eden Gardens, Kolkata",Kings XI Punjab,Kolkata Knight Riders,Kings XI Punjab,Bat first,KKR , 6 wickets ,Wickets,150,35,2013
League,James Faulkner,"Sawai Mansingh Stadium, Jaipur",Sunrisers Hyderabad,Rajasthan Royals,Sunrisers Hyderabad,Bat first,RR , 8 wickets ,Wickets,145,36,2013
League,Dwayne Smith,"Wankhede Stadium, Mumbai",Mumbai Indians,Royal Challengers Bangalore,Mumbai Indians,Bat first,MI , 58 runs,Runs,195,37,2013
League,Michael Hussey,"MA Chidambaram Stadium, Chepauk, Chennai",Chennai Super Kings,Kolkata Knight Riders,Kolkata Knight Riders,Field first,CSK , 14 runs,Runs,201,38,2013
League,David Warner,"Shaheed Veer Narayan Singh International Stadium, Raipur",Delhi Daredevils,Pune Warriors,Pune Warriors,Field first,Daredevils , 15 runs,Runs,165,39,2013
League,Sanju Samson,"Sawai Mansingh Stadium, Jaipur",Royal Challengers Bangalore,Rajasthan Royals,Rajasthan Royals,Field first,RR , 4 wickets ,Wickets,172,40,2013
League,Rohit Sharma,"Wankhede Stadium, Mumbai",Mumbai Indians,Kings XI Punjab,Mumbai Indians,Bat first,MI , 4 runs,Runs,175,41,2013
League,MS Dhoni,"Subrata Roy Sahara Stadium, Pune",Chennai Super Kings,Pune Warriors,Chennai Super Kings,Bat first,CSK , 37 runs,Runs,165,42,2013
League,Ishant Sharma,"Rajiv Gandhi International Stadium, Uppal, Hyderabad",Mumbai Indians,Sunrisers Hyderabad,Mumbai Indians,Bat first,SRH , 7 wickets ,Wickets,130,43,2013
League,David Warner,"Shaheed Veer Narayan Singh International Stadium, Raipur",Kolkata Knight Riders,Delhi Daredevils,Kolkata Knight Riders,Bat first,Daredevils , 7 wickets ,Wickets,137,44,2013
League,Suresh Raina,"MA Chidambaram Stadium, Chepauk, Chennai",Chennai Super Kings,Kings XI Punjab,Chennai Super Kings,Bat first,CSK , 15 runs,Runs,187,45,2013
League,AB de Villiers,"Subrata Roy Sahara Stadium, Pune",Royal Challengers Bangalore,Pune Warriors,Royal Challengers Bangalore,Bat first,RCB , 17 runs,Runs,188,46,2013
League,Yusuf Pathan,"Eden Gardens, Kolkata",Rajasthan Royals,Kolkata Knight Riders,Rajasthan Royals,Bat first,KKR , 8 wickets ,Wickets,133,47,2013
League,Daren Sammy,"Rajiv Gandhi International Stadium, Uppal, Hyderabad",Delhi Daredevils,Sunrisers Hyderabad,Delhi Daredevils,Bat first,SRH , 6 wickets ,Wickets,81,48,2013
League,Mitchell Johnson,"Wankhede Stadium, Mumbai",Mumbai Indians,Chennai Super Kings,Mumbai Indians,Bat first,MI , 60 runs,Runs,140,49,2013
League,Ajinkya Rahane,"Sawai Mansingh Stadium, Jaipur",Pune Warriors,Rajasthan Royals,Pune Warriors,Bat first,RR , 5 wickets ,Wickets,179,50,2013
League,David Miller,"Punjab Cricket Association Stadium, Mohali, Chandigarh",Royal Challengers Bangalore,Kings XI Punjab,Kings XI Punjab,Field first,Kings XI , 6 wickets ,Wickets,191,51,2013
League,Ajinkya Rahane,"Sawai Mansingh Stadium, Jaipur",Delhi Daredevils,Rajasthan Royals,Delhi Daredevils,Bat first,RR , 9 wickets ,Wickets,155,52,2013
League,Sachin Tendulkar,"Wankhede Stadium, Mumbai",Mumbai Indians,Kolkata Knight Riders,Mumbai Indians,Bat first,MI , 65 runs,Runs,171,53,2013
League,Suresh Raina,"Rajiv Gandhi International Stadium, Uppal, Hyderabad",Chennai Super Kings,Sunrisers Hyderabad,Sunrisers Hyderabad,Field first,CSK , 77 runs,Runs,224,54,2013
League,Kevon Cooper,"Punjab Cricket Association Stadium, Mohali, Chandigarh",Kings XI Punjab,Rajasthan Royals,Rajasthan Royals,Field first,RR , 8 wickets ,Wickets,146,55,2013
League,Gautam Gambhir,"Subrata Roy Sahara Stadium, Pune",Kolkata Knight Riders,Pune Warriors,Kolkata Knight Riders,Bat first,KKR , 46 runs,Runs,153,56,2013
League,Jaydev Unadkat,"Feroz Shah Kotla, Delhi",Royal Challengers Bangalore,Delhi Daredevils,Delhi Daredevils,Field first,RCB , 4 runs,Runs,184,57,2013
League,Mitchell Johnson,"Subrata Roy Sahara Stadium, Pune",Pune Warriors,Mumbai Indians,Pune Warriors,Bat first,MI , 5 wickets ,Wickets,113,58,2013
League,Parthiv Patel,"Punjab Cricket Association Stadium, Mohali, Chandigarh",Sunrisers Hyderabad,Kings XI Punjab,Kings XI Punjab,Field first,SRH , 30 runs,Runs,151,59,2013
League,Jacques Kallis,"JSCA International Stadium Complex, Ranchi",Royal Challengers Bangalore,Kolkata Knight Riders,Kolkata Knight Riders,Field first,KKR , 5 wickets ,Wickets,116,60,2013
League,Shane Watson,"Sawai Mansingh Stadium, Jaipur",Chennai Super Kings,Rajasthan Royals,Rajasthan Royals,Field first,RR , 5 wickets ,Wickets,142,61,2013
League,Kieron Pollard,"Wankhede Stadium, Mumbai",Sunrisers Hyderabad,Mumbai Indians,Sunrisers Hyderabad,Bat first,MI , 7 wickets ,Wickets,179,62,2013
League,Adam Gilchrist,"M Chinnaswamy Stadium, Bangalore",Royal Challengers Bangalore,Kings XI Punjab,Kings XI Punjab,Field first,Kings XI , 7 wickets ,Wickets,175,63,2013
League,MS Dhoni,"MA Chidambaram Stadium, Chepauk, Chennai",Chennai Super Kings,Delhi Daredevils,Chennai Super Kings,Bat first,CSK , 33 runs,Runs,169,64,2013
League,Manish Pandey,"JSCA International Stadium Complex, Ranchi",Pune Warriors,Kolkata Knight Riders,Kolkata Knight Riders,Field first,Warriors , 7 runs,Runs,171,65,2013
League,Aditya Tare,"Wankhede Stadium, Mumbai",Mumbai Indians,Rajasthan Royals,Rajasthan Royals,Field first,MI , 14 runs,Runs,167,66,2013
League,David Miller,"Himachal Pradesh Cricket Association Stadium, Dharamsala",Kings XI Punjab,Delhi Daredevils,Delhi Daredevils,Field first,Kings XI , 7 runs,Runs,172,67,2013
League,Amit Mishra,"Rajiv Gandhi International Stadium, Uppal, Hyderabad",Sunrisers Hyderabad,Rajasthan Royals,Sunrisers Hyderabad,Bat first,SRH , 23 runs,Runs,137,68,2013
League,Azhar Mahmood,"Himachal Pradesh Cricket Association Stadium, Dharamsala",Kings XI Punjab,Mumbai Indians,Mumbai Indians,Field first,Kings XI , 50 runs,Runs,184,69,2013
League,Virat Kohli,"M Chinnaswamy Stadium, Bangalore",Royal Challengers Bangalore,Chennai Super Kings,Chennai Super Kings,Field first,RCB , 24 runs,Runs,107,70,2013
League,Luke Wright,"Subrata Roy Sahara Stadium, Pune",Pune Warriors,Delhi Daredevils,Pune Warriors,Bat first,Warriors , 38 runs,Runs,173,71,2013
League,Parthiv Patel,"Rajiv Gandhi International Stadium, Uppal, Hyderabad",Kolkata Knight Riders,Sunrisers Hyderabad,Kolkata Knight Riders,Bat first,SRH , 5 wickets ,Wickets,131,72,2013
Qualifier 1,Michael Hussey,"Feroz Shah Kotla, Delhi",Chennai Super Kings,Mumbai Indians,Chennai Super Kings,Bat first,CSK , 48 runs,Runs,193,73,2013
Eliminator,Brad Hodge,"Feroz Shah Kotla, Delhi",Sunrisers Hyderabad,Rajasthan Royals,Sunrisers Hyderabad,Bat first,RR , 4 wickets ,Wickets,133,74,2013
Qualifier 2,Harbhajan Singh,"Eden Gardens, Kolkata",Rajasthan Royals,Mumbai Indians,Rajasthan Royals,Bat first,MI , 4 wickets ,Wickets,166,75,2013
Final,Kieron Pollard,"Eden Gardens, Kolkata",Mumbai Indians,Chennai Super Kings,Mumbai Indians,Bat first,MI , 23 runs,Runs,149,76,2013
League,Jacques Kallis,"Sheikh Zayed Stadium, Abu Dhabi",Kolkata Knight Riders,Mumbai Indians,Kolkata Knight Riders,Bat first,KKR , 41 runs,Runs,164,1,2014
League,Yuzvendra Chahal,Sharjah Cricket Stadium,Delhi Daredevils,Royal Challengers Bangalore,Royal Challengers Bangalore,Field first,RCB , 8 wickets ,Wickets,146,2,2014
League,Glenn Maxwell,"Sheikh Zayed Stadium, Abu Dhabi",Chennai Super Kings,Kings XI Punjab,Chennai Super Kings,Bat first,Kings XI , 6 wickets ,Wickets,206,3,2014
League,Ajinkya Rahane,"Sheikh Zayed Stadium, Abu Dhabi",Sunrisers Hyderabad,Rajasthan Royals,Rajasthan Royals,Field first,RR , 4 wickets ,Wickets,134,4,2014
League,Parthiv Patel,Dubai International Cricket Stadium,Mumbai Indians,Royal Challengers Bangalore,Royal Challengers Bangalore,Field first,RCB , 7 wickets ,Wickets,116,5,2014
League,Jean-Paul Duminy,Dubai International Cricket Stadium,Kolkata Knight Riders,Delhi Daredevils,Kolkata Knight Riders,Bat first,Daredevils , 4 wickets ,Wickets,167,6,2014
League,Glenn Maxwell,Sharjah Cricket Stadium,Rajasthan Royals,Kings XI Punjab,Kings XI Punjab,Field first,Kings XI , 7 wickets ,Wickets,192,7,2014
League,Suresh Raina,"Sheikh Zayed Stadium, Abu Dhabi",Chennai Super Kings,Delhi Daredevils,Chennai Super Kings,Bat first,CSK , 93 runs,Runs,178,8,2014
League,Glenn Maxwell,Sharjah Cricket Stadium,Kings XI Punjab,Sunrisers Hyderabad,Sunrisers Hyderabad,Field first,Kings XI , 72 runs,Runs,194,9,2014
League,Ravindra Jadeja,Dubai International Cricket Stadium,Chennai Super Kings,Rajasthan Royals,Rajasthan Royals,Field first,CSK , 7 runs,Runs,141,10,2014
League,Chris Lynn,Sharjah Cricket Stadium,Kolkata Knight Riders,Royal Challengers Bangalore,Royal Challengers Bangalore,Field first,KKR , 2 runs,Runs,151,11,2014
League,Aaron Finch,Dubai International Cricket Stadium,Sunrisers Hyderabad,Delhi Daredevils,Sunrisers Hyderabad,Bat first,SRH , 4 runs,Runs,185,12,2014
League,Mohit Sharma,Dubai International Cricket Stadium,Mumbai Indians,Chennai Super Kings,Mumbai Indians,Bat first,CSK , 7 wickets ,Wickets,142,13,2014
League,Pravin Tambe,"Sheikh Zayed Stadium, Abu Dhabi",Royal Challengers Bangalore,Rajasthan Royals,Rajasthan Royals,Field first,RR , 6 wickets ,Wickets,71,14,2014
League,Sandeep Sharma,"Sheikh Zayed Stadium, Abu Dhabi",Kings XI Punjab,Kolkata Knight Riders,Kolkata Knight Riders,Field first,Kings XI , 23 runs,Runs,133,15,2014
League,Murali Vijay,Sharjah Cricket Stadium,Mumbai Indians,Delhi Daredevils,Mumbai Indians,Bat first,Daredevils , 6 wickets ,Wickets,126,16,2014
League,Dwayne Smith,Sharjah Cricket Stadium,Sunrisers Hyderabad,Chennai Super Kings,Sunrisers Hyderabad,Bat first,CSK , 5 wickets ,Wickets,146,17,2014
League,Sandeep Sharma,Dubai International Cricket Stadium,Royal Challengers Bangalore,Kings XI Punjab,Kings XI Punjab,Field first,Kings XI , 5 wickets ,Wickets,125,18,2014
League,James Faulkner,"Sheikh Zayed Stadium, Abu Dhabi",Rajasthan Royals,Kolkata Knight Riders,Rajasthan Royals,Bat first,Tied,Tied,Tied,153,19,2014
League,Bhuvneshwar Kumar,Dubai International Cricket Stadium,Sunrisers Hyderabad,Mumbai Indians,Mumbai Indians,Field first,SRH , 15 runs,Runs,173,20,2014
League,Ravindra Jadeja,"JSCA International Stadium Complex, Ranchi",Chennai Super Kings,Kolkata Knight Riders,Chennai Super Kings,Bat first,CSK , 34 runs,Runs,149,21,2014
League,Corey Anderson,"Wankhede Stadium, Mumbai",Kings XI Punjab,Mumbai Indians,Kings XI Punjab,Bat first,MI , 5 wickets ,Wickets,169,22,2014
League,Karun Nair,"Feroz Shah Kotla, Delhi",Delhi Daredevils,Rajasthan Royals,Rajasthan Royals,Field first,RR , 7 wickets ,Wickets,153,23,2014
League,AB de Villiers,"M Chinnaswamy Stadium, Bangalore",Sunrisers Hyderabad,Royal Challengers Bangalore,Royal Challengers Bangalore,Field first,RCB , 4 wickets ,Wickets,156,24,2014
League,Pravin Tambe,"Sardar Patel Stadium, Motera, Ahmedabad",Rajasthan Royals,Kolkata Knight Riders,Kolkata Knight Riders,Field first,RR , 10 runs,Runs,171,25,2014
League,Dwayne Smith,"Feroz Shah Kotla, Delhi",Delhi Daredevils,Chennai Super Kings,Chennai Super Kings,Field first,CSK , 8 wickets ,Wickets,179,26,2014
League,Rohit Sharma,"Wankhede Stadium, Mumbai",Mumbai Indians,Royal Challengers Bangalore,Royal Challengers Bangalore,Field first,MI , 19 runs,Runs,188,27,2014
League,Gautam Gambhir,"Feroz Shah Kotla, Delhi",Delhi Daredevils,Kolkata Knight Riders,Delhi Daredevils,Bat first,KKR , 8 wickets ,Wickets,161,28,2014
League,Glenn Maxwell,"Barabati Stadium, Cuttack",Kings XI Punjab,Chennai Super Kings,Chennai Super Kings,Field first,Kings XI , 44 runs,Runs,232,29,2014
League,Bhuvneshwar Kumar,"Sardar Patel Stadium, Motera, Ahmedabad",Sunrisers Hyderabad,Rajasthan Royals,Rajasthan Royals,Field first,SRH , 32 runs,Runs,135,30,2014
League,Sandeep Sharma,"M Chinnaswamy Stadium, Bangalore",Kings XI Punjab,Royal Challengers Bangalore,Royal Challengers Bangalore,Field first,Kings XI , 32 runs,Runs,199,31,2014
League,Dale Steyn,"Feroz Shah Kotla, Delhi",Delhi Daredevils,Sunrisers Hyderabad,Sunrisers Hyderabad,Field first,SRH , 8 wickets ,Wickets,144,32,2014
League,Dwayne Smith,"Wankhede Stadium, Mumbai",Mumbai Indians,Chennai Super Kings,Chennai Super Kings,Field first,CSK , 4 wickets ,Wickets,158,33,2014
League,Gautam Gambhir,"Barabati Stadium, Cuttack",Kings XI Punjab,Kolkata Knight Riders,Kolkata Knight Riders,Field first,KKR , 9 wickets ,Wickets,150,34,2014
League,James Faulkner,"M Chinnaswamy Stadium, Bangalore",Royal Challengers Bangalore,Rajasthan Royals,Royal Challengers Bangalore,Bat first,RR , 5 wickets ,Wickets,191,35,2014
League,Ambati Rayudu,"Rajiv Gandhi International Stadium, Uppal, Hyderabad",Sunrisers Hyderabad,Mumbai Indians,Sunrisers Hyderabad,Bat first,MI , 7 wickets ,Wickets,158,36,2014
League,Ravindra Jadeja,"JSCA International Stadium Complex, Ranchi",Rajasthan Royals,Chennai Super Kings,Rajasthan Royals,Bat first,CSK , 5 wickets ,Wickets,149,37,2014
League,Yuvraj Singh,"M Chinnaswamy Stadium, Bangalore",Royal Challengers Bangalore,Delhi Daredevils,Delhi Daredevils,Field first,RCB , 16 runs,Runs,187,38,2014
League,Wriddhiman Saha,"Rajiv Gandhi International Stadium, Uppal, Hyderabad",Sunrisers Hyderabad,Kings XI Punjab,Kings XI Punjab,Field first,Kings XI , 6 wickets ,Wickets,206,39,2014
League,Robin Uthappa,"Barabati Stadium, Cuttack",Mumbai Indians,Kolkata Knight Riders,Kolkata Knight Riders,Field first,KKR , 6 wickets ,Wickets,142,40,2014
League,Ajinkya Rahane,"Sardar Patel Stadium, Motera, Ahmedabad",Rajasthan Royals,Delhi Daredevils,Delhi Daredevils,Field first,RR , 62 runs,Runs,202,41,2014
League,AB de Villiers,"JSCA International Stadium Complex, Ranchi",Chennai Super Kings,Royal Challengers Bangalore,Chennai Super Kings,Bat first,RCB , 5 wickets ,Wickets,139,42,2014
League,Umesh Yadav,"Rajiv Gandhi International Stadium, Uppal, Hyderabad",Sunrisers Hyderabad,Kolkata Knight Riders,Sunrisers Hyderabad,Bat first,KKR , 7 wickets ,Wickets,143,43,2014
League,Michael Hussey,"Sardar Patel Stadium, Motera, Ahmedabad",Mumbai Indians,Rajasthan Royals,Mumbai Indians,Bat first,MI , 25 runs,Runs,179,44,2014
League,Axar Patel,"Feroz Shah Kotla, Delhi",Delhi Daredevils,Kings XI Punjab,Kings XI Punjab,Field first,Kings XI , 4 wickets ,Wickets,165,45,2014
League,David Warner,"Rajiv Gandhi International Stadium, Uppal, Hyderabad",Royal Challengers Bangalore,Sunrisers Hyderabad,Royal Challengers Bangalore,Bat first,SRH , 7 wickets ,Wickets,161,46,2014
League,Robin Uthappa,"Eden Gardens, Kolkata",Chennai Super Kings,Kolkata Knight Riders,Kolkata Knight Riders,Field first,KKR , 8 wickets ,Wickets,155,47,2014
League,Lendl Simmons,"Punjab Cricket Association Stadium, Mohali, Chandigarh",Kings XI Punjab,Mumbai Indians,Mumbai Indians,Field first,MI , 7 wickets ,Wickets,157,48,2014
League,Robin Uthappa,"Eden Gardens, Kolkata",Kolkata Knight Riders,Royal Challengers Bangalore,Royal Challengers Bangalore,Field first,KKR , 30 runs,Runs,196,49,2014
League,David Warner,"JSCA International Stadium Complex, Ranchi",Chennai Super Kings,Sunrisers Hyderabad,Sunrisers Hyderabad,Field first,SRH , 6 wickets ,Wickets,186,50,2014
League,Michael Hussey,"Wankhede Stadium, Mumbai",Mumbai Indians,Delhi Daredevils,Delhi Daredevils,Field first,MI , 15 runs,Runs,174,51,2014
League,Shaun Marsh,"Punjab Cricket Association Stadium, Mohali, Chandigarh",Kings XI Punjab,Rajasthan Royals,Rajasthan Royals,Field first,Kings XI , 16 runs,Runs,180,52,2014
League,MS Dhoni,"M Chinnaswamy Stadium, Bangalore",Royal Challengers Bangalore,Chennai Super Kings,Chennai Super Kings,Field first,CSK , 8 wickets ,Wickets,155,53,2014
League,Yusuf Pathan,"Eden Gardens, Kolkata",Sunrisers Hyderabad,Kolkata Knight Riders,Kolkata Knight Riders,Field first,KKR , 4 wickets ,Wickets,161,54,2014
League,Manan Vohra,"Punjab Cricket Association Stadium, Mohali, Chandigarh",Delhi Daredevils,Kings XI Punjab,Kings XI Punjab,Field first,Kings XI , 7 wickets ,Wickets,116,55,2014
League,Corey Anderson,"Wankhede Stadium, Mumbai",Rajasthan Royals,Mumbai Indians,Mumbai Indians,Field first,MI , 5 wickets ,Wickets,190,56,2014
Qualifier 1,Umesh Yadav,"Eden Gardens, Kolkata",Kolkata Knight Riders,Kings XI Punjab,Kings XI Punjab,Field first,KKR , 28 runs,Runs,164,57,2014
Eliminator,Suresh Raina,"Brabourne Stadium, Mumbai",Mumbai Indians,Chennai Super Kings,Chennai Super Kings,Field first,CSK , 7 wickets ,Wickets,174,58,2014
Qualifier 2,Virender Sehwag,"Wankhede Stadium, Mumbai",Kings XI Punjab,Chennai Super Kings,Chennai Super Kings,Field first,Kings XI , 24 runs,Runs,227,59,2014
Final,Wriddhiman Saha,"M Chinnaswamy Stadium, Bangalore",Kings XI Punjab,Kolkata Knight Riders,Kolkata Knight Riders,Field first,KKR , 3 wickets ,Wickets,200,60,2014
League,Morne Morkel,"Eden Gardens, Kolkata",Mumbai Indians,Kolkata Knight Riders,Kolkata Knight Riders,Field first,KKR , 7 wickets ,Wickets,169,1,2015
League,Ashish Nehra,"MA Chidambaram Stadium, Chepauk, Chennai",Chennai Super Kings,Delhi Daredevils,Delhi Daredevils,Field first,CSK , 1 run, 1 run,151,2,2015
League,James Faulkner,"Maharashtra Cricket Association Stadium, Pune",Rajasthan Royals,Kings XI Punjab,Kings XI Punjab,Field first,RR , 26 runs,Runs,163,3,2015
League,Brendon McCullum,"MA Chidambaram Stadium, Chepauk, Chennai",Chennai Super Kings,Sunrisers Hyderabad,Chennai Super Kings,Bat first,CSK , 45 runs,Runs,210,4,2015
League,Chris Gayle,"Eden Gardens, Kolkata",Kolkata Knight Riders,Royal Challengers Bangalore,Royal Challengers Bangalore,Field first,RCB , 3 wickets ,Wickets,178,5,2015
League,Deepak Hooda,"Feroz Shah Kotla, Delhi",Delhi Daredevils,Rajasthan Royals,Rajasthan Royals,Field first,RR , 3 wickets ,Wickets,185,6,2015
League,George Bailey,"Wankhede Stadium, Mumbai",Kings XI Punjab,Mumbai Indians,Mumbai Indians,Field first,Kings XI , 18 runs,Runs,178,7,2015
League,David Warner,"M Chinnaswamy Stadium, Bangalore",Royal Challengers Bangalore,Sunrisers Hyderabad,Sunrisers Hyderabad,Field first,SRH , 8 wickets ,Wickets,167,8,2015
League,Steven Smith,"Sardar Patel Stadium, Motera, Ahmedabad",Mumbai Indians,Rajasthan Royals,Mumbai Indians,Bat first,RR , 7 wickets ,Wickets,165,9,2015
League,Mayank Agarawal,"Maharashtra Cricket Association Stadium, Pune",Kings XI Punjab,Delhi Daredevils,Kings XI Punjab,Bat first,Daredevils , 5 wickets ,Wickets,166,10,2015
League,Ajinkya Rahane,"Dr. Y.S. Rajasekhara Reddy ACA-VDCA Cricket Stadium, Visakhapatnam",Sunrisers Hyderabad,Rajasthan Royals,Rajasthan Royals,Field first,RR , 6 wickets ,Wickets,128,11,2015
League,Ashish Nehra,"Wankhede Stadium, Mumbai",Mumbai Indians,Chennai Super Kings,Mumbai Indians,Bat first,CSK , 6 wickets ,Wickets,184,12,2015
League,Jean-Paul Duminy,"Dr. Y.S. Rajasekhara Reddy ACA-VDCA Cricket Stadium, Visakhapatnam",Delhi Daredevils,Sunrisers Hyderabad,Delhi Daredevils,Bat first,Daredevils , 4 runs,Runs,168,13,2015
League,Andre Russell,"Maharashtra Cricket Association Stadium, Pune",Kings XI Punjab,Kolkata Knight Riders,Kolkata Knight Riders,Field first,KKR , 4 wickets ,Wickets,156,14,2015
League,Ajinkya Rahane,"Sardar Patel Stadium, Motera, Ahmedabad",Chennai Super Kings,Rajasthan Royals,Chennai Super Kings,Bat first,RR , 8 wickets ,Wickets,157,15,2015
League,Harbhajan Singh,"M Chinnaswamy Stadium, Bangalore",Mumbai Indians,Royal Challengers Bangalore,Royal Challengers Bangalore,Field first,MI , 18 runs,Runs,210,16,2015
League,Umesh Yadav,"Feroz Shah Kotla, Delhi",Delhi Daredevils,Kolkata Knight Riders,Kolkata Knight Riders,Field first,KKR , 6 wickets ,Wickets,147,17,2015
League,Shaun Marsh,"Sardar Patel Stadium, Motera, Ahmedabad",Rajasthan Royals,Kings XI Punjab,Kings XI Punjab,Field first,Tied,Tied,Tied,192,18,2015
League,David Warner,"Dr. Y.S. Rajasekhara Reddy ACA-VDCA Cricket Stadium, Visakhapatnam",Sunrisers Hyderabad,Kolkata Knight Riders,Kolkata Knight Riders,Field first,SRH , 16 runs ,Runs,177,19,2015
League,Suresh Raina,"M Chinnaswamy Stadium, Bangalore",Chennai Super Kings,Royal Challengers Bangalore,Royal Challengers Bangalore,Field first,CSK , 27 runs,Runs,182,20,2015
League,Shreyas Iyer,"Feroz Shah Kotla, Delhi",Delhi Daredevils,Mumbai Indians,Mumbai Indians,Field first,Daredevils , 37 runs,Runs,191,21,2015
League,Mitchell Starc,"Sardar Patel Stadium, Motera, Ahmedabad",Rajasthan Royals,Royal Challengers Bangalore,Royal Challengers Bangalore,Field first,RCB , 9 wickets ,Wickets,131,22,2015
League,Lasith Malinga,"Wankhede Stadium, Mumbai",Mumbai Indians,Sunrisers Hyderabad,Mumbai Indians,Bat first,MI , 20 runs,Runs,158,23,2015
League,Brendon McCullum,"MA Chidambaram Stadium, Chepauk, Chennai",Chennai Super Kings,Kings XI Punjab,Chennai Super Kings,Bat first,CSK , 97 runs,Runs,193,24,2015
League,Nil,"Eden Gardens, Kolkata",Kolkata Knight Riders,Rajasthan Royals,Nil,Nil,Nil,Nil,Nil,Nil,25,2015
League,Varun Aaron,"Feroz Shah Kotla, Delhi",Delhi Daredevils,Royal Challengers Bangalore,Royal Challengers Bangalore,Field first,RCB , 10 wickets ,Wickets,96,26,2015
League,Trent Boult,"Punjab Cricket Association Stadium, Mohali, Chandigarh",Sunrisers Hyderabad,Kings XI Punjab,Kings XI Punjab,Field first,SRH , 20 runs,Runs,151,27,2015
League,Dwayne Bravo,"MA Chidambaram Stadium, Chepauk, Chennai",Chennai Super Kings,Kolkata Knight Riders,Kolkata Knight Riders,Field first,CSK , 2 runs,Runs,135,28,2015
League,Nil,"M Chinnaswamy Stadium, Bangalore",Royal Challengers Bangalore,Rajasthan Royals,Rajasthan Royals,Field first,Nil,Nil,Nil,201,29,2015
League,Andre Russell,"Eden Gardens, Kolkata",Chennai Super Kings,Kolkata Knight Riders,Kolkata Knight Riders,Field first,KKR , 7 wickets ,Wickets,166,30,2015
League,Nathan Coulter-Nile,"Feroz Shah Kotla, Delhi",Kings XI Punjab,Delhi Daredevils,Delhi Daredevils,Field first,Daredevils , 9 wickets ,Wickets,119,31,2015
League,Ambati Rayudu,"Wankhede Stadium, Mumbai",Mumbai Indians,Rajasthan Royals,Rajasthan Royals,Field first,MI , 8 runs,Runs,188,32,2015
League,Mandeep Singh,"M Chinnaswamy Stadium, Bangalore",Kolkata Knight Riders,Royal Challengers Bangalore,Royal Challengers Bangalore,Field first,RCB , 7 wickets ,Wickets,112,33,2015
League,David Warner,"Rajiv Gandhi International Stadium, Uppal, Hyderabad",Sunrisers Hyderabad,Chennai Super Kings,Chennai Super Kings,Field first,SRH , 22 runs,Runs,193,34,2015
League,Lendl Simmons,"Punjab Cricket Association Stadium, Mohali, Chandigarh",Mumbai Indians,Kings XI Punjab,Mumbai Indians,Bat first,MI , 23 runs,Runs,173,35,2015
League,Ajinkya Rahane,"Brabourne Stadium, Mumbai",Rajasthan Royals,Delhi Daredevils,Delhi Daredevils,Field first,RR , 14 runs,Runs,190,36,2015
League,Suresh Raina,"MA Chidambaram Stadium, Chepauk, Chennai",Chennai Super Kings,Royal Challengers Bangalore,Chennai Super Kings,Bat first,CSK , 24 runs,Runs,149,37,2015
League,Umesh Yadav,"Eden Gardens, Kolkata",Kolkata Knight Riders,Sunrisers Hyderabad,Sunrisers Hyderabad,Field first,KKR , 35 runs,Runs,168,38,2015
League,Harbhajan Singh,"Wankhede Stadium, Mumbai",Delhi Daredevils,Mumbai Indians,Delhi Daredevils,Bat first,MI , 5 wickets ,Wickets,153,39,2015
League,Chris Gayle,"M Chinnaswamy Stadium, Bangalore",Royal Challengers Bangalore,Kings XI Punjab,Kings XI Punjab,Field first,RCB , 138 runs,Runs,227,40,2015
League,Eoin Morgan,"Brabourne Stadium, Mumbai",Sunrisers Hyderabad,Rajasthan Royals,Rajasthan Royals,Field first,SRH , 7 runs,Runs,202,41,2015
League,Piyush Chawla,"Eden Gardens, Kolkata",Kolkata Knight Riders,Delhi Daredevils,Kolkata Knight Riders,Bat first,KKR , 13 runs,Runs,172,42,2015
League,Hardik Pandya,"MA Chidambaram Stadium, Chepauk, Chennai",Chennai Super Kings,Mumbai Indians,Chennai Super Kings,Bat first,MI , 6 wickets ,Wickets,159,43,2015
League,Andre Russell,"Eden Gardens, Kolkata",Kings XI Punjab,Kolkata Knight Riders,Kings XI Punjab,Bat first,KKR , 1 wicket , 1 wicket ,184,44,2015
League,Moises Henriques,"Shaheed Veer Narayan Singh International Stadium, Raipur",Sunrisers Hyderabad,Delhi Daredevils,Sunrisers Hyderabad,Bat first,SRH , 6 runs,Runs,164,45,2015
League,AB de Villiers,"Wankhede Stadium, Mumbai",Royal Challengers Bangalore,Mumbai Indians,Royal Challengers Bangalore,Bat first,RCB , 39 runs,Runs,236,46,2015
League,Ravindra Jadeja,"MA Chidambaram Stadium, Chepauk, Chennai",Chennai Super Kings,Rajasthan Royals,Chennai Super Kings,Bat first,CSK , 12 runs,Runs,158,47,2015
League,David Warner,"Rajiv Gandhi International Stadium, Uppal, Hyderabad",Sunrisers Hyderabad,Kings XI Punjab,Sunrisers Hyderabad,Bat first,SRH , 5 runs,Runs,186,48,2015
League,Zaheer Khan,"Shaheed Veer Narayan Singh International Stadium, Raipur",Chennai Super Kings,Delhi Daredevils,Chennai Super Kings,Bat first,Daredevils , 6 wickets ,Wickets,120,49,2015
League,Axar Patel,"Punjab Cricket Association Stadium, Mohali, Chandigarh",Kings XI Punjab,Royal Challengers Bangalore,Royal Challengers Bangalore,Field first,Kings XI , 22 runs,Runs,107,50,2015
League,Hardik Pandya,"Wankhede Stadium, Mumbai",Mumbai Indians,Kolkata Knight Riders,Kolkata Knight Riders,Field first,MI , 5 runs,Runs,172,51,2015
League,Virat Kohli,"Rajiv Gandhi International Stadium, Uppal, Hyderabad",Sunrisers Hyderabad,Royal Challengers Bangalore,Sunrisers Hyderabad,Bat first,RCB , 6 wickets ,Wickets,136,52,2015
League,Pawan Negi,"Punjab Cricket Association Stadium, Mohali, Chandigarh",Kings XI Punjab,Chennai Super Kings,Kings XI Punjab,Bat first,CSK , 7 wickets ,Wickets,131,53,2015
League,Shane Watson,"Brabourne Stadium, Mumbai",Rajasthan Royals,Kolkata Knight Riders,Rajasthan Royals,Bat first,RR , 9 runs,Runs,200,54,2015
League,Nil,"M Chinnaswamy Stadium, Bangalore",Delhi Daredevils,Royal Challengers Bangalore,Royal Challengers Bangalore,Field first,Nil,Nil,Nil,188,55,2015
League,Mitchell McClenaghan,"Rajiv Gandhi International Stadium, Uppal, Hyderabad",Sunrisers Hyderabad,Mumbai Indians,Sunrisers Hyderabad,Bat first,MI , 9 wickets ,Wickets,114,56,2015
Qualifier 1,Kieron Pollard,"Wankhede Stadium, Mumbai",Mumbai Indians,Chennai Super Kings,Mumbai Indians,Bat first,MI , 25 runs,Runs,188,57,2015
Eliminator,AB de Villiers,"Maharashtra Cricket Association Stadium, Pune",Royal Challengers Bangalore,Rajasthan Royals,Royal Challengers Bangalore,Bat first,RCB , 71 runs,Runs,181,58,2015
Qualifier 2,Ashish Nehra,"JSCA International Stadium Complex, Ranchi",Royal Challengers Bangalore,Chennai Super Kings,Chennai Super Kings,Field first,CSK , 3 wickets ,Wickets,140,59,2015
Final,Rohit Sharma,"Eden Gardens, Kolkata",Mumbai Indians,Chennai Super Kings,Chennai Super Kings,Field first,MI , 41 runs,Runs,203,60,2015
